{
  "profiles": {
    "r": [
      1.0,
      2.0,
      3.0,
      4.0,
      5.0,
      6.0,
      7.0,
      8.0,
      9.0,
      10.0,
      11.0,
      12.0,
      13.0,
      14.0,
      15.0,
      16.0,
      17.0,
      18.0,
      19.0,
      20.0,
      21.0,
      22.0,
      23.0,
      24.0,
      25.0,
      26.0,
      27.0,
      28.0,
      29.0,
      30.0,
      31.0,
      32.0,
      33.0,
      34.0,
      35.0,
      36.0,
      37.0,
      38.0,
      39.0,
      40.0,
      41.0,
      42.0,
      43.0,
      44.0,
      45.0,
      46.0,
      47.0,
      48.0,
      49.0,
      50.0,
      51.0,
      52.0,
      53.0,
      54.0,
      55.0,
      56.0,
      57.0,
      58.0,
      59.0,
      60.0,
      61.0,
      62.0,
      63.0,
      64.0,
      65.0,
      66.0,
      67.0,
      68.0,
      69.0,
      70.0,
      71.0,
      72.0,
      73.0,
      74.0,
      75.0,
      76.0,
      77.0,
      78.0,
      79.0,
      80.0,
      81.0,
      82.0,
      83.0,
      84.0,
      85.0,
      86.0
    ],
    "A_boundary": [
      11.0,
      7.0,
      2.0,
      2.0,
      4.0,
      4.0,
      6.0,
      3.0,
      8.0,
      9.0,
      5.0,
      3.0,
      7.0,
      4.0,
      7.0,
      6.0,
      9.0,
      5.0,
      2.0,
      2.0,
      8.0,
      14.0,
      8.0,
      7.0,
      9.0,
      8.0,
      6.0,
      10.0,
      11.0,
      12.0,
      10.0,
      13.0,
      11.0,
      7.0,
      6.0,
      9.0,
      6.0,
      6.0,
      3.0,
      3.0,
      3.0,
      11.0,
      14.0,
      6.0,
      3.0,
      2.0,
      4.0,
      8.0,
      6.0,
      6.0,
      12.0,
      10.0,
      8.0,
      6.0,
      8.0,
      5.0,
      14.0,
      8.0,
      10.0,
      3.0,
      7.0,
      8.0,
      7.0,
      8.0,
      7.0,
      7.0,
      4.0,
      2.0,
      4.0,
      6.0,
      6.0,
      5.0,
      8.0,
      3.0,
      4.0,
      5.0,
      10.0,
      6.0,
      3.0,
      7.0,
      7.0,
      3.0,
      4.0,
      4.0,
      24.0,
      3.0
    ],
    "D_surf": [
      -0.3663742673381074,
      0.06432493280626683,
      0.29979611846290555,
      0.5506037841248809,
      0.9520383147349154,
      2.069931029118317,
      2.324379256983666,
      1.7112599430925122,
      1.0530521768979484,
      1.0205610041608493,
      0.8878972392801882,
      0.2055647240568207,
      0.7939059167889506,
      2.516619151803862,
      2.3563058769184737,
      -0.6215362490824587,
      -1.707197363871455,
      -1.180395577642197,
      1.720304078254256,
      2.9993620980086573,
      5.264842805025606,
      6.632150449588698,
      4.1752091651158665,
      -0.5665013038140698,
      -0.35854032691262017,
      2.131147126148342,
      3.1197861227037453,
      2.7111598954272944,
      3.757848817615399,
      3.456377925869219,
      -0.0378702558664028,
      -2.1310604089644887,
      -1.9458060161101698,
      -2.481686950380576,
      -3.1301865223484864,
      -4.360590641138032,
      -4.643431721115175,
      -5.703498493416297,
      -1.2276817399930247,
      6.153892051144994,
      7.342987260321629,
      5.553851233666329,
      -1.5410786796080465,
      -5.29997033546613,
      -6.5014338405546805,
      -1.969155819573733,
      5.5719277875463575,
      12.574329966954105,
      12.84515052697625,
      6.78824677761912,
      1.4555928061332088,
      1.913079396204534,
      -2.468138185452926,
      -0.8853972568873543,
      1.46360838700783,
      4.580960538267689,
      -1.2392912434126426,
      -2.585038968055765,
      -1.0070130753805477,
      -4.3194407407328885,
      1.5194471844579889,
      2.948873349071204,
      6.8057286689976975,
      -3.3854187928688395,
      -11.447271601796874,
      -10.781934557583215,
      -6.8392709650449754,
      -1.0062141353456382,
      3.1295371165641703,
      11.77505374650472,
      7.283706791105099,
      -1.748140147495075,
      -3.878563198086286,
      3.1167236723187104,
      4.966493114951399,
      -0.7095727403042742,
      6.98196374906079,
      4.209853741378327,
      -4.861938195034445,
      -8.417620565988054,
      -3.2850429440863236,
      14.224567558471657,
      1.5807560149844422,
      5.774481139413585,
      16.19303387424845,
      9.053250648684863
    ],
    "g_eff": [
      0.08025831754558664,
      0.11856489187432777,
      0.3972129183226487,
      0.3906551876608537,
      0.19224405609335893,
      0.18626922467531903,
      0.12032044165463433,
      0.23125912796816342,
      0.08477921303338021,
      0.07142962711538677,
      0.12177984431520698,
      0.19685860998640603,
      0.08255285777861911,
      0.13719750621791915,
      0.07616732703395401,
      0.0850785176993809,
      0.05469520725301185,
      0.0927435069979344,
      0.22345688760808402,
      0.22038222270281715,
      0.05438198500506297,
      0.029481867009615463,
      0.047154796292203205,
      0.051682556946374546,
      0.03857156660769127,
      0.0410020296497241,
      0.052771898788445425,
      0.030373316987258824,
      0.025867701575985693,
      0.02221756564469146,
      0.02493731776444754,
      0.01787547521549427,
      0.01960448136322794,
      0.029060747671380196,
      0.03229915015924312,
      0.02066998649994351,
      0.029255044500288336,
      0.02787125014391645,
      0.0543886437433041,
      0.053054556979996136,
      0.051855702116180735,
      0.013831758693439354,
      0.010031230582774346,
      0.02119199734226011,
      0.04097569714797267,
      0.060031062059691775,
      0.02956105392204489,
      0.014327642718619707,
      0.018229938916558868,
      0.01754026605424025,
      0.00836862068793523,
      0.009401931399694207,
      0.011030245692218207,
      0.01392159466600553,
      0.009941086015843634,
      0.015133485070578833,
      0.005175054420282631,
      0.008042044709300339,
      0.006029588938386376,
      0.018642976245781113,
      0.007766094126030338,
      0.0064813368007010305,
      0.006887115554030067,
      0.005583464258362987,
      0.005846529080574037,
      0.0054415840883427135,
      0.008834069427922281,
      0.01700003186148971,
      0.008292732174945097,
      0.005268092281765373,
      0.004878937125651739,
      0.005552903147899813,
      0.003232622255044622,
      0.007864483546534998,
      0.005623421995001848,
      0.004209035969929509,
      0.0019320372408450138,
      0.0027664114227862377,
      0.004979210817926978,
      0.001991600405672589,
      0.0016690570769075494,
      0.00335594177976678,
      0.002277645967041053,
      0.002040453358242003,
      0.0002892770166374829,
      0.00020624958203652177
    ],