residual_ratio,residual_norm,rho_norm,reg_lambda,chi_norm,threshold
8.579857483539543e-09,2.5739572450704426e-07,30.0,1e-06,678833053.4512762,1e-06
