{
  "best_rules": [
    [
      3,
      6
    ],
    [
      7,
      7
    ]
  ],
  "best_fitness": 103.64,
  "best_components": {
    "cycle_diversity": 10.0,
    "cycle_count": 10.0,
    "charge_conservation": 10.0,
    "stability": 5.760000000000001,
    "nontrivial_dynamics": 10.0,
    "interaction_richness": 10.0
  },
  "evolution_best": [
    97.9625,
    105.8,
    105.8,
    105.8,
    105.8,
    105.8,
    105.8,
    105.8,
    105.8,
    105.8,
    105.8,
    105.8,
    105.8,
    105.8,
    105.8,
    105.8,
    105.8,
    105.8,
    105.8,
    105.8,
    105.8,
    105.8,
    105.8,
    105.8,
    105.8,
    105.8,
    105.8,
    105.8,
    105.8,
    105.8,
    105.8,
    105.8,
    105.8,
    105.8,
    105.8,
    105.8,
    105.8,
    105.8,
    105.8,
    105.8,
    105.8,
    105.8,
    105.8,
    105.8,
    105.8,
    105.8,
    105.8,
    105.8,
    105.8,
    105.8
  ],
  "evolution_avg": [
    83.63958333333333,
    76.94125,
    85.51458333333333,
    92.66583333333331,
    91.51083333333332,
    93.35458333333332,
    89.02375,
    91.21624999999999,
    92.96833333333332,
    88.45583333333335,
    87.92875,
    90.87458333333332,
    91.28999999999999,
    87.65666666666667,
    87.56041666666667,
    89.61749999999999,
    85.6775,
    82.44041666666665,
    87.62083333333334,
    86.57083333333334,
    80.75333333333333,
    79.77583333333334,
    92.77041666666666,
    85.69333333333334,
    90.43416666666666,
    87.30708333333332,
    88.93374999999999,
    88.00041666666668,
    100.24083333333331,
    94.27333333333334,
    87.17208333333333,
    85.4225,
    98.02625000000002,
    89.85708333333332,
    86.525,
    87.74041666666666,
    84.50166666666668,
    85.39249999999998,
    85.46333333333332,
    86.08208333333333,
    84.775,
    86.73875,
    87.5875,
    88.78458333333333,
    85.78375,
    89.03333333333333,
    92.19833333333332,
    87.46583333333334,
    84.87291666666667,
    87.84874999999998
  ]
}